From,To,Transport
SSN,SPADOC,Classified
SPADOC,18th,Classified
18th,CARA,Classified
ST,18th,Classified
,,
AcmeSensor,SPADOC,Unclassified
MTN,SPADOC,Unclassified
AcmeSensor,SSF.DI,Unclassified
MTN,MITRE,Unclassified
,,
BF,18th,Unclassified
AF,18th,Unclassified
BP,SSF.DI,Unclassified
AP,SSF.VA,Unclassified
SSF.DI,SSF.VA,Unclassified
,,
Eglin,SSN,Classified
Altair,SSN,Classified
KWAJ,SSN,Classified
,,
AM1,AcmeSensor,Unclassified
AM2,AcmeSensor,Unclassified
AM3,AcmeSensor,Unclassified
,,
Farish,MTN,Unclassified
Yoder,MTN,Unclassified
Tokyo,MTN,Unclassified
